File,Link
./docs/azurite-assignment.md,azurite_assignment_downloadable_2022.pdf
./docs/azurite-assignment.md,../images/azurite-shells.jpg?raw=true
./docs/azurite-assignment.md,fa22_skillbuilding-azurite-presentation-full.pdf
./docs/azurite-assignment.md,fa22_skillbuilding-azurite-presentation-short.pdf
./docs/azurite-assignment.md,azurite_assignment_handout_2022.pdf
./docs/azurite-assignment.md,./introduction-paints-pigments_njr_2021.pdf
./docs/azurite-assignment.md,painting-assignment.md
./docs/azurite-assignment.md,https://travelingscriptorium.com/2012/03/20/an-online-version-of-the-ink-pigment-sampler-set/
./docs/azurite-assignment.md,fa22_skillbuilding-azurite-presentation-full.pdf
./docs/azurite-assignment.md,https://edition640.makingandknowing.org/
./docs/azurite-assignment.md,https://edition640.makingandknowing.org/#/essays/ann_321_ie_19
./docs/azurite-assignment.md,https://edition640.makingandknowing.org/#/essays/ann_060_fa_17
./docs/azurite-assignment.md,https://edition640.makingandknowing.org/#/essays/ann_038_sp_16
./docs/azurite-assignment.md,https://edition640.makingandknowing.org/#/folios/11r/f/11r/tl
./docs/azurite-assignment.md,fa22_skillbuilding-azurite-presentation-full.pdf
./docs/azurite-assignment.md,su17_rosenkranz_azurite-preparation-cambridge.md
./docs/azurite-assignment.md,https://www.vam.ac.uk/blog/news/experiments-with-azurite-on-the-history-of-design-ma-course
./docs/azurite-assignment.md,https://www.vam.ac.uk/blog/projects/thinking-and-experiencing-techne-making-azurite-part-2
./docs/azurite-assignment.md,painting-assignment.md
./docs/azurite-assignment.md,https://www.makingandknowing.org/
./docs/azurite-assignment.md,https://edition640.makingandknowing.org
./docs/azurite-assignment.md,https://travelingscriptorium.com/
./docs/azurite-assignment.md,https://travelingscriptorium.com/2012/03/20/an-online-version-of-the-ink-pigment-sampler-set/
./docs/azurite-assignment.md,http://cameo.mfa.org/images/e/ea/Download_file_506.pdf
./docs/azurite-assignment.md,https://www.webexhibits.org/pigments/intro/blues.html
./docs/azurite-assignment.md,http://old.artiscreation.com/blue.html#azurite
./docs/breadmolding-assignment.md,breadmolding_assignment_downloadable_2021.pdf
./docs/breadmolding-assignment.md,https://edition640.makingandknowing.org/#/folios/140v/f/140v/tl
./docs/breadmolding-assignment.md,https://edition640.makingandknowing.org/#/
./docs/breadmolding-assignment.md,../images/140v-breadmolding.jpg?raw=true
./docs/breadmolding-assignment.md,https://edition640.makingandknowing.org/#/folios/140v/f/140v/tl
./docs/breadmolding-assignment.md,breadmolding_evelyn-john_bread-recipes.pdf
./docs/breadmolding-assignment.md,http://www.foodtimeline.org/foodbreads.html#breadhistory
./docs/breadmolding-assignment.md,https://earlybread.wordpress.com/
./docs/breadmolding-assignment.md,http://recipes.hypotheses.org/
./docs/breadmolding-assignment.md,http://wellcomelibrary.org/
./docs/breadmolding-assignment.md,https://www.staff.uni-giessen.de/gloning/kobu.htm
./docs/breadmolding-assignment.md,http://www.kookhistorie.nl/index.htm
./docs/breadmolding-assignment.md,https://edition640.makingandknowing.org/
./docs/breadmolding-assignment.md,http://edition640.makingandknowing.org/#/essays/ann_046_fa_16
./docs/breadmolding-assignment.md,http://edition640.makingandknowing.org/#/essays/ann_050_fa_16
./docs/breadmolding-assignment.md,http://edition640.makingandknowing.org/#/essays/ann_007_fa_14
./docs/breadmolding-assignment.md,http://edition640.makingandknowing.org/#/essays/ann_076_fa_18
./docs/breadmolding-assignment.md,breadmolding_resource-breadmolding-and-casting-slideshow.pdf
./docs/breadmolding-assignment.md,https://vimeo.com/419949231
./docs/breadmolding-assignment.md,https://vimeo.com/419940044
./docs/breadmolding-assignment.md,breadmolding_assignment_downloadable_2021.pdf
./docs/burnsalve.md,https://edition640.makingandknowing.org/#/folios/103r/tc/103r/tl
./docs/burnsalve.md,https://edition640.makingandknowing.org/#/folios/103r/tc/103r/tl
./docs/burnsalve.md,https://edition640.makingandknowing.org/#/essays/ann_080_sp_17
./docs/burnsalve.md,https://vimeo.com/465795692
./docs/burnsalve.md,Burn-Salve-Reconstruction-Protocol.pdf
./docs/burnsalve.md,https://drive.google.com/drive/folders/1jiDf7swYk3ohtDxp3WXEvEsLpbKA1vNH?usp=sharing
./docs/categories.md,https://github.com/cu-mkp/manuscript-object/blob/v1.0-ronikaufman/manuscript_visualizations/barplots/categories_barplot.png?raw=true
./docs/categories.md,https://github.com/cu-mkp/manuscript-object/blob/v1.0-ronikaufman/manuscript_visualizations.py
./docs/categories.md,https://github.com/ronikaufman
./docs/categories.md,https://github.com/cu-mkp/manuscript-object
./docs/categories.md,https://github.com/cu-mkp/m-k-manuscript-data/tree/master/ms-xml
./docs/categories.md,https://github.com/cu-mkp/m-k-manuscript-data/blob/master/metadata/entry_metadata.csv
./docs/categories.md,https://edition640.makingandknowing.org/#/folios/84v/f/84v/tl
./docs/categories.md,https://edition640.makingandknowing.org/#/folios/52r/f/52r/tl
./docs/categories.md,../images/blank_swarmplot.png?raw=true
./docs/categories.md,https://edition640.makingandknowing.org/#/folios/15r/f/15r/tl
./docs/categories.md,https://edition640.makingandknowing.org/#/folios/41r/f/41r/tl
./docs/categories.md,https://edition640.makingandknowing.org/#/folios/68r/f/68r/tl
./docs/categories.md,https://edition640.makingandknowing.org/#/folios/127r/f/127r/tl
./docs/categories.md,https://edition640.makingandknowing.org/#/folios/56v/f/56v/tl
./docs/categories.md,https://edition640.makingandknowing.org/#/folios/73r/f/73r/tl
./docs/categories.md,https://edition640.makingandknowing.org/#/folios/76v/f/76v/tl
./docs/categories.md,https://edition640.makingandknowing.org/#/folios/57r/f/57r/tl
./docs/categories.md,https://edition640.makingandknowing.org/#/folios/58r/f/58r/tl
./docs/categories.md,https://edition640.makingandknowing.org/#/folios/77r/f/77r/tl
./docs/categories.md,https://edition640.makingandknowing.org/#/folios/79v/f/79v/tl
./docs/categories.md,../images/entry-swarmplot-scribe.png?raw=true
./docs/categories.md,../images/entry-swarmplot-scribe-categories.png?raw=true
./docs/categories.md,https://edition640.makingandknowing.org/#/folios/57r/f/57r/tl
./docs/categories.md,https://edition640.makingandknowing.org/#/folios/58r/f/58r/tl
./docs/categories.md,https://edition640.makingandknowing.org/#/folios/73r/f/73r/tl
./docs/categories.md,https://edition640.makingandknowing.org/#/folios/76v/f/76v/tl
./docs/categories.md,https://edition640.makingandknowing.org/#/folios/77r/f/77r/tl
./docs/categories.md,https://edition640.makingandknowing.org/#/folios/79v/f/79v/tl
./docs/categories.md,../data/entry-metadata_scribe-hand-d.csv
./docs/categories.md,https://edition640.makingandknowing.org/#/entries
./docs/categories.md,https://edition640.makingandknowing.org/#/folios/73r/f/73r/tl
./docs/categories.md,../images/73r_fac_scribe-ann.png?raw=true
./docs/categories.md,https://edition640.makingandknowing.org/#/folios/77v/f/77v/tl
./docs/categories.md,https://edition640.makingandknowing.org/#/folios/78r/f/78r/tl
./docs/categories.md,https://edition640.makingandknowing.org/#/folios/79v/f/79v/tl
./docs/categories.md,../images/79v_fac_scribe-ann.png?raw=true
./docs/categories.md,https://edition640.makingandknowing.org/#/folios/56v/f/56v/tl
./docs/categories.md,../images/57r-scribe-annotated.png?raw=true
./docs/categories.md,../images/painting-varnish-pie-chart.png?raw=true
./docs/categories.md,../data/entry_metadata_paint-varnish_data.csv
./docs/categories.md,../data/entry_metadata_paint-varnish_analysis.csv
./docs/categories.md,../data/entry_metadata_paint-varnish.xlsx
./docs/categories.md,https://edition640.makingandknowing.org/#/folios/7r/f/7r/tl
./docs/categories.md,https://edition640.makingandknowing.org/#/folios/32r/f/32r/tl
./docs/categories.md,https://edition640.makingandknowing.org/#/folios/42v/f/42v/tl
./docs/categories.md,https://edition640.makingandknowing.org/#/folios/43r/f/43r/tl
./docs/categories.md,https://edition640.makingandknowing.org/#/folios/43r/f/43r/tl
./docs/categories.md,https://edition640.makingandknowing.org/#/folios/56v/f/56v/tl
./docs/categories.md,https://edition640.makingandknowing.org/#/folios/59r/f/59r/tl
./docs/categories.md,https://edition640.makingandknowing.org/#/folios/60r/f/60r/tl
./docs/categories.md,https://edition640.makingandknowing.org/#/folios/60v/f/60v/tl
./docs/categories.md,https://edition640.makingandknowing.org/#/folios/61v/f/61v/tl
./docs/categories.md,https://edition640.makingandknowing.org/#/folios/66r/f/66r/tl
./docs/categories.md,https://edition640.makingandknowing.org/#/folios/67v/f/67v/tl
./docs/categories.md,https://edition640.makingandknowing.org/#/folios/165r/f/165r/tl
./docs/categories.md,https://edition640.makingandknowing.org/#/folios/32r/f/32r/tl
./docs/categories.md,https://edition640.makingandknowing.org/#/folios/56v/f/56v/tl
./docs/categories.md,https://edition640.makingandknowing.org/#/folios/59r/f/59r/tl
./docs/categories.md,https://edition640.makingandknowing.org/#/folios/60v/f/60v/tl
./docs/categories.md,https://edition640.makingandknowing.org/#/folios/165r/f/165r/tl
./docs/categories.md,https://edition640.makingandknowing.org/#/folios/42v/f/42v/tl
./docs/categories.md,https://edition640.makingandknowing.org/#/folios/43r/f/43r/tl
./docs/categories.md,https://edition640.makingandknowing.org/#/folios/7r/f/7r/tl
./docs/categories.md,https://edition640.makingandknowing.org/#/folios/67v/f/67v/tl
./docs/categories.md,https://edition640.makingandknowing.org/#/folios/60r/f/60r/tl
./docs/categories.md,https://edition640.makingandknowing.org/#/folios/66r/f/66r/tl
./docs/Chaillard_final-report.md,https://github.com/danachaillard
./docs/Chaillard_final-report.md,https://github.com/cu-mkp/manuscript-object/blob/v1.0-danachaillard/word_clouds.py
./docs/Chaillard_final-report.md,https://github.com/cu-mkp/manuscript-object/tree/v1.0-danachaillard/word_clouds
./docs/Chaillard_final-report.md,Chaillard_wordclouds.md
./docs/Chaillard_final-report.md,https://github.com/cu-mkp/manuscript-object/blob/v1.0-danachaillard/word_clouds/animal.png?raw=true
./docs/Chaillard_final-report.md,https://github.com/cu-mkp/manuscript-object/blob/v1.0-danachaillard/vocabulary_abstraction.ipynb
./docs/Chaillard_final-report.md,Chaillard_trees.md
./docs/Chaillard_final-report.md,https://github.com/cu-mkp/manuscript-object/blob/v1.0-danachaillard/vocabulary_abstraction.ipynb
./docs/Chaillard_final-report.md,https://github.com/cu-mkp/manuscript-object/tree/v1.0-danachaillard/Sentence_encode
./docs/Chaillard_final-report.md,Sentence_encode_dual.html
./docs/Chaillard_final-report.md,https://nbviewer.jupyter.org/github/cu-mkp/manuscript-object/blob/5abf324616dc9f6d3eb93301c3035b8da6c48861/Elmo_contextual_embeddings.ipynb
./docs/Chaillard_trees.md,/sandbox/docs/Chaillard_final-report
./docs/Chaillard_trees.md,https://github.com/cu-mkp/manuscript-object/blob/v1.0-danachaillard/word_clouds.py
./docs/Chaillard_trees.md,https://github.com/cu-mkp/manuscript-object/tree/v1.0-danachaillard/word_clouds
./docs/Chaillard_trees.md,https://github.com/cu-mkp/manuscript-object/blob/v1.0-danachaillard/vocabulary_abstraction.ipynb
./docs/Chaillard_wordclouds.md,/sandbox/docs/Chaillard_final-report
./docs/Chaillard_wordclouds.md,https://github.com/cu-mkp/manuscript-object/blob/v1.0-danachaillard/word_clouds.py
./docs/Chaillard_wordclouds.md,https://github.com/cu-mkp/manuscript-object/tree/v1.0-danachaillard/word_clouds
./docs/Chaillard_wordclouds.md,https://github.com/cu-mkp/manuscript-object/blob/v1.0-danachaillard/word_clouds/animal.png?raw=true
./docs/Chaillard_wordclouds.md,https://github.com/cu-mkp/manuscript-object/blob/v1.0-danachaillard/word_clouds/body_part.png?raw=true
./docs/Chaillard_wordclouds.md,https://github.com/cu-mkp/manuscript-object/blob/v1.0-danachaillard/word_clouds/currency.png?raw=true
./docs/Chaillard_wordclouds.md,https://github.com/cu-mkp/manuscript-object/blob/v1.0-danachaillard/word_clouds/environment.png?raw=true
./docs/Chaillard_wordclouds.md,https://github.com/cu-mkp/manuscript-object/blob/v1.0-danachaillard/word_clouds/material.png?raw=true
./docs/Chaillard_wordclouds.md,https://github.com/cu-mkp/manuscript-object/blob/v1.0-danachaillard/word_clouds/measurement.png?raw=true
./docs/Chaillard_wordclouds.md,https://github.com/cu-mkp/manuscript-object/blob/v1.0-danachaillard/word_clouds/medical.png?raw=true
./docs/Chaillard_wordclouds.md,https://github.com/cu-mkp/manuscript-object/blob/v1.0-danachaillard/word_clouds/music.png?raw=true
./docs/Chaillard_wordclouds.md,https://github.com/cu-mkp/manuscript-object/blob/v1.0-danachaillard/word_clouds/personal_name.png?raw=true
./docs/Chaillard_wordclouds.md,https://github.com/cu-mkp/manuscript-object/blob/v1.0-danachaillard/word_clouds/place.png?raw=true
./docs/Chaillard_wordclouds.md,https://github.com/cu-mkp/manuscript-object/blob/v1.0-danachaillard/word_clouds/plant.png?raw=true
./docs/Chaillard_wordclouds.md,https://github.com/cu-mkp/manuscript-object/blob/v1.0-danachaillard/word_clouds/profession.png?raw=true
./docs/Chaillard_wordclouds.md,https://github.com/cu-mkp/manuscript-object/blob/v1.0-danachaillard/word_clouds/sensory.png?raw=true
./docs/Chaillard_wordclouds.md,https://github.com/cu-mkp/manuscript-object/blob/v1.0-danachaillard/word_clouds/time.png?raw=true
./docs/Chaillard_wordclouds.md,https://github.com/cu-mkp/manuscript-object/blob/v1.0-danachaillard/word_clouds/tool.png?raw=true
./docs/Chaillard_wordclouds.md,https://github.com/cu-mkp/manuscript-object/blob/v1.0-danachaillard/word_clouds/weapon.png?raw=true
./docs/dyes-assignment.md,rosenkranz_2019-april_dyes_cochineal-history-chem-prep.pdf
./docs/dyes-assignment.md,rosenkranz_2018_dyes_cochineal-step-by-step.pdf
./docs/dyes-assignment.md,rosenkranz_2019_dyes_handout_general-mordant-and-dye-processes.pdf
./docs/dyes-assignment.md,rosenkranz_2018_dyes_handout_dyeing-with-cochineal.pdf
./docs/dyes-assignment.md,rosenkranz_2019_dyes_handout_reconstruction-exchange_dyeing-with-natural-colorants.pdf
./docs/dyes-assignment.md,http://refashioningrenaissance.eu/
./docs/dyes-assignment.md,rosenkranz_2019_dyes_TEMPLATE-AND-RECIPES_dye-experiments.xlsx
./docs/dyes-assignment.md,https://photos.app.goo.gl/3oVnsawjQkq3JNCX7
./docs/fa21_alberts_naomi_final-project_ph-lesson.md,https://www.thoughtco.com/definition-of-ph-in-chemistry-604605
./docs/fa21_alberts_naomi_final-project_ph-lesson.md,https://doi.org/10.1163/15733823-02046p11
./docs/fa21_alberts_naomi_final-project_ph-lesson.md,https://edition640.makingandknowing.org/#/folios/43v/f/43v/tl
./docs/fa21_alberts_naomi_final-project_ph-lesson.md,https://www.youtube.com/watch?v=pdEbMBe0aa8
./docs/fa21_alberts_naomi_final-project_ph-lesson.md,https://www.thoughtco.com/definition-of-ph-in-chemistry-604605
./docs/fa21_alberts_naomi_final-project_ph-lesson.md,https://www.usgs.gov/special-topics/water-science-school/science/ph-and-water?qt-science_center_objects=0#qt-science_center_objects
./docs/fa21_alberts_naomi_final-project_ph-lesson.md,https://edition640.makingandknowing.org/#/
./docs/fa21_alberts_naomi_final-project_ph-lesson.md,https://www.doi.org/10.7916/rfq6-0k88
./docs/fa21_alberts_naomi_final-project_ph-lesson.md,https://doi.org/10.7916/6b6c-vt11
./docs/fa21_alberts_naomi_final-project_ph-lesson.md,https://cu-mkp.github.io/sandbox/
./docs/fa21_alberts_naomi_final-project_ph-lesson.md,https://fieldnotes.makingandknowing.org/pre-2018-Fall/fa21_alberts_naomi_varied-trans-wine/fa21_alberts_naomi_variedtranswine.html
./docs/fa21_alberts_naomi_final-project_ph-lesson.md,https://flic.kr/s/aHsmXghYKW
./docs/fa21_coutavas_allie_final-project-reds.md,https://edition640.makingandknowing.org/#/essays/ann_060_fa_17
./docs/fa21_coutavas_allie_final-project-reds.md,https://edition640.makingandknowing.org/#/essays/ann_321_ie_19
./docs/fa21_coutavas_allie_final-project-reds.md,https://edition640.makingandknowing.org/#/essays/ann_037_sp_16
./docs/fa21_coutavas_allie_final-project-reds.md,https://edition640.makingandknowing.org/#/essays/ann_309_ie_19
./docs/fa21_coutavas_allie_final-project-reds.md,https://edition640.makingandknowing.org/#/essays/ann_321_ie_19
./docs/fa21_coutavas_allie_final-project-reds.md,https://edition640.makingandknowing.org/#/essays/ann_034_sp_16
./docs/fa21_ghoneima_hana_final-project-oral-culture.md,https://edition640.makingandknowing.org/#/folios/36v/f/36v/tl
./docs/fa21_ghoneima_hana_final-project-oral-culture.md,https://edition640.makingandknowing.org/#/folios/162r/f/162r/tl
./docs/fa21_ghoneima_hana_final-project-oral-culture.md,https://edition640.makingandknowing.org/#/folios/21v/f/21v/tl
./docs/fa21_ghoneima_hana_final-project-oral-culture.md,https://edition640.makingandknowing.org/#/folios/43v/f/43v/tl
./docs/fa21_ghoneima_hana_final-project-oral-culture.md,../data/fa21_ghoneima_hana_final-project_tl_say.xlsx
./docs/fa21_ghoneima_hana_final-project-oral-culture.md,../data/fa21_ghoneima_hana_final-project_tl_said.xlsx
./docs/fa21_ghoneima_hana_final-project-oral-culture.md,#appendix-2-instances-of-oral-transmission-of-knowledge-using-the-word-said
./docs/fa21_ghoneima_hana_final-project-oral-culture.md,https://edition640.makingandknowing.org/#/folios/29v/f/29v/tl
./docs/fa21_ghoneima_hana_final-project-oral-culture.md,https://edition640.makingandknowing.org/#/folios/136v/f/136v/tl
./docs/fa21_ghoneima_hana_final-project-oral-culture.md,../data/fa21_ghoneima_hana_final-project_tl_pro.xlsx
./docs/fa21_ghoneima_hana_final-project-oral-culture.md,#appendix-3-instances-of-oral-transmission-of-knowledge-using-the-profession-tag
./docs/fa21_ghoneima_hana_final-project-oral-culture.md,#appendix-4-descriptions-of-profession-categories
./docs/fa21_ghoneima_hana_final-project-oral-culture.md,../data/fa21_ghoneima_hana_final-project_tl_pl.xlsx
./docs/fa21_ghoneima_hana_final-project-oral-culture.md,#appendix-5-instances-of-oral-transmission-of-knowledge-using-the-place-tag
./docs/fa21_ghoneima_hana_final-project-oral-culture.md,https://edition640.makingandknowing.org/#/folios/67r/f/67r/tl
./docs/fa21_ghoneima_hana_final-project-oral-culture.md,https://edition640.makingandknowing.org/#/folios/121v/f/121v/tl
./docs/fa21_ghoneima_hana_final-project-oral-culture.md,https://edition640.makingandknowing.org/#/folios/58r/f/58r/tl
./docs/fa21_ghoneima_hana_final-project-oral-culture.md,https://edition640.makingandknowing.org/#/folios/113v/f/113v/tl
./docs/fa21_ghoneima_hana_final-project-oral-culture.md,https://edition640.makingandknowing.org/#/folios/102v/f/103r/tl
./docs/fa21_ghoneima_hana_final-project-oral-culture.md,https://edition640.makingandknowing.org/#/essays/ann_335_ie_19
./docs/fa21_ghoneima_hana_final-project-oral-culture.md,https://www.doi.org/10.7916/cjhd-wh90
./docs/fa21_ghoneima_hana_final-project-oral-culture.md,https://edition640.makingandknowing.org/#/essays/ann_048_fa_16
./docs/fa21_ghoneima_hana_final-project-oral-culture.md,https://www.doi.org/10.7916/kfja-0v86
./docs/fa21_ghoneima_hana_final-project-oral-culture.md,https://www.folger.edu/shakespeare-unlimited/food-wendy-wall
./docs/fa21_ghoneima_hana_final-project-oral-culture.md,https://edition640.makingandknowing.org/#/essays/ann_018_sp_15
./docs/fa21_ghoneima_hana_final-project-oral-culture.md,https://www.doi.org/10.7916/6zzw-s813
./docs/fa21_ghoneima_hana_final-project-oral-culture.md,https://doi.org/10.2307/468775.
./docs/fa21_ghoneima_hana_final-project-oral-culture.md,https://edition640.makingandknowing.org/#/essays/ann_057_sp_17
./docs/fa21_ghoneima_hana_final-project-oral-culture.md,https://www.doi.org/10.7916/wq5p-p848
./docs/fa21_ghoneima_hana_final-project-oral-culture.md,https://www.makingandknowing.org/bnf-ms-fr-640/
./docs/fa21_ghoneima_hana_final-project-oral-culture.md,https://www.makingandknowing.org/bnf-ms-fr-640/
./docs/fa21_ghoneima_hana_final-project-oral-culture.md,https://doi.org/10.7916/CJHD-WH90
./docs/fa21_ghoneima_hana_final-project-oral-culture.md,https://doi.org/10.7916/WQ5P-P848
./docs/fa21_ghoneima_hana_final-project-oral-culture.md,https://doi.org/10.2307/468775
./docs/fa21_ghoneima_hana_final-project-oral-culture.md,https://www.folger.edu/shakespeare-unlimited/food-wendy-wall
./docs/fa21_ghoneima_hana_final-project-oral-culture.md,https://doi.org/10.7916/WQ5P-P848
./docs/fa21_ghoneima_hana_final-project-oral-culture.md,https://www.doi.org/10.7916/kfja-0v86
./docs/fa21_ghoneima_hana_final-project-oral-culture.md,https://doi.org/10.7916/6ZZW-S813
./docs/fa21_jacobson_beah_final-project-know.md,https://voyant-tools.org/
./docs/fa21_jacobson_beah_final-project-know.md,https://www.oxygenxml.com/
./docs/fa21_jacobson_beah_final-project-know.md,../data/fa21_jacobson_beah_final-project-know_tl_know.xlsx
./docs/fa21_jacobson_beah_final-project-know.md,https://edition640.makingandknowing.org/#/folios/13r/f/13r/tl
./docs/fa21_jacobson_beah_final-project-know.md,https://edition640.makingandknowing.org/#/folios/10r/f/10r/tl
./docs/fa21_jacobson_beah_final-project-know.md,https://edition640.makingandknowing.org/#/folios/90r/f/90r/tl
./docs/fa21_jacobson_beah_final-project-know.md,https://edition640.makingandknowing.org/#/folios/13r/f/13r/tl
./docs/fa21_jacobson_beah_final-project-know.md,https://edition640.makingandknowing.org/#/folios/32r/f/32r/tl
./docs/fa21_jacobson_beah_final-project-know.md,https://edition640.makingandknowing.org/#/folios/11r/f/11r/tl
./docs/fa21_jacobson_beah_final-project-know.md,https://edition640.makingandknowing.org/#/folios/35r/f/35r/tl
./docs/fa21_jacobson_beah_final-project-know.md,https://edition640.makingandknowing.org/#/folios/1r/f/1r/tl
./docs/fa21_jacobson_beah_final-project-know.md,https://edition640.makingandknowing.org/#/folios/54v/f/54v/tl
./docs/fa21_jacobson_beah_final-project-know.md,https://edition640.makingandknowing.org/#/folios/12r
./docs/fa21_jacobson_beah_final-project-know.md,https://edition640.makingandknowing.org/#/folios/24v/f/24v/tl
./docs/fa21_jacobson_beah_final-project-know.md,https://edition640.makingandknowing.org/#/folios/125r/f/125r/tcn
./docs/fa21_jacobson_beah_final-project-know.md,https://edition640.makingandknowing.org/#/folios/166r/f/166r/tl
./docs/fa21_jacobson_beah_final-project-know.md,https://cu-mkp.github.io/sandbox/docs/categories.html
./docs/fa21_jacobson_beah_final-project-know.md,https://edition640.makingandknowing.org/
./docs/fa21_jacobson_beah_final-project-know.md,https://edition640.makingandknowing.org/
./docs/fa21_lin+sundar_danli+anusha_final-project_regimens-remedies.md,https://edition640.makingandknowing.org/#/folios/11v/f/11v/tl
./docs/fa21_lin+sundar_danli+anusha_final-project_regimens-remedies.md,https://recipes.hypotheses.org/3344
./docs/fa21_lin+sundar_danli+anusha_final-project_regimens-remedies.md,https://doi.org/10.4324/9781315608006-16
./docs/fa21_lin+sundar_danli+anusha_final-project_regimens-remedies.md,https://doi.org/10.1353/bhm.2008.0024
./docs/fa21_lin+sundar_danli+anusha_final-project_regimens-remedies.md,https://edition640.makingandknowing.org/#/essays/ann_058_sp_17
./docs/fa21_lin+sundar_danli+anusha_final-project_regimens-remedies.md,https://www.doi.org/10.7916/6ccz-7c74
./docs/fa21_lin+sundar_danli+anusha_final-project_regimens-remedies.md,https://edition640.makingandknowing.org/#/essays/ann_057_sp_17
./docs/fa21_lin+sundar_danli+anusha_final-project_regimens-remedies.md,https://www.doi.org/10.7916/wq5p-p848
./docs/fa21_lin+sundar_danli+anusha_final-project_regimens-remedies.md,https://edition640.makingandknowing.org/#/essays/ann_042_sp_16
./docs/fa21_lin+sundar_danli+anusha_final-project_regimens-remedies.md,https://www.doi.org/10.7916/a6bs-0765
./docs/fa21_lin+sundar_danli+anusha_final-project_regimens-remedies.md,https://doi.org/10.1353/jem.2011.0009
./docs/fa21_lin+sundar_danli+anusha_final-project_regimens-remedies.md,https://strangeremains.com/2017/01/31/beauty-to-die-for-how-vanity-killed-an-18th-century-celebutante/
./docs/fa21_lin+sundar_danli+anusha_final-project_regimens-remedies.md,https://doi.org/10.1021/ac902348g
./docs/fa21_lin+sundar_danli+anusha_final-project_regimens-remedies.md,http://ezproxy.cul.columbia.edu/login?url=https://www.proquest.com/books/cosmeticks-beautifying-part-physick-which-all/docview/2240935566/se-2?accountid=10226
./docs/fa21_lin+sundar_danli+anusha_final-project_regimens-remedies.md,https://doi.org/10.1353/bhm.2008.0024
./docs/fa21_lin+sundar_danli+anusha_final-project_regimens-remedies.md,https://doi.org/10.4324/9781315608006-16
./docs/fa21_lin+sundar_danli+anusha_final-project_regimens-remedies.md,https://doi.org/10.1021/ac902348g
./docs/fa21_lin+sundar_danli+anusha_final-project_regimens-remedies.md,https://edition640.makingandknowing.org/#/essays/ann_057_sp_17
./docs/fa21_lin+sundar_danli+anusha_final-project_regimens-remedies.md,https://www.doi.org/10.7916/wq5p-p848
./docs/fa21_lin+sundar_danli+anusha_final-project_regimens-remedies.md,https://recipes.hypotheses.org/3344
./docs/fa21_lin+sundar_danli+anusha_final-project_regimens-remedies.md,https://edition640.makingandknowing.org/#/essays/ann_042_sp_16
./docs/fa21_lin+sundar_danli+anusha_final-project_regimens-remedies.md,https://www.doi.org/10.7916/a6bs-0765
./docs/fa21_lin+sundar_danli+anusha_final-project_regimens-remedies.md,https://doi.org/10.1353/jem.2011.0009
./docs/fa21_lin+sundar_danli+anusha_final-project_regimens-remedies.md,https://edition640.makingandknowing.org/#/essays/ann_058_sp_17
./docs/fa21_lin+sundar_danli+anusha_final-project_regimens-remedies.md,https://www.doi.org/10.7916/6ccz-7c74
./docs/fa21_lin+sundar_danli+anusha_final-project_regimens-remedies.md,http://ezproxy.cul.columbia.edu/login?url=https://www.proquest.com/books/cosmeticks-beautifying-part-physick-which-all/docview/2240935566/se-2?accountid=10226
./docs/fa21_weisgall_benjamin_final-project-architecture-workshop.md,https://edition640.makingandknowing.org/#/folios/139v/f/139v/tl
./docs/fa21_weisgall_benjamin_final-project-architecture-workshop.md,https://edition640.makingandknowing.org/#/folios/83v/f/83v/tl
./docs/fa21_weisgall_benjamin_final-project-architecture-workshop.md,https://www.doi.org/10.7916/hbnz-5z03
./docs/fa21_weisgall_benjamin_final-project-architecture-workshop.md,https://edition640.makingandknowing.org/#/folios/164r/f/164r/tl
./docs/fa21_weisgall_benjamin_final-project-architecture-workshop.md,https://doi.org/10.7916/8je7-1124
./docs/fa21_weisgall_benjamin_final-project-architecture-workshop.md,https://edition640.makingandknowing.org/#/folios/141r/f/141r/tl
./docs/fa21_weisgall_benjamin_final-project-architecture-workshop.md,https://www.jstor.org/stable/1425409
./docs/fa21_weisgall_benjamin_final-project-architecture-workshop.md,https://doi.org/10.2307/3050690
./docs/fa21_weisgall_benjamin_final-project-architecture-workshop.md,https://doi.org/10.1080/00026980.2016.1213011
./docs/fa21_weisgall_benjamin_final-project-architecture-workshop.md,https://edition640.makingandknowing.org/#/entries
./docs/fa21_weisgall_benjamin_final-project-architecture-workshop.md,https://edition640.makingandknowing.org/#/essays/ann_007_fa_14
./docs/fa21_weisgall_benjamin_final-project-architecture-workshop.md,https://edition640.makingandknowing.org/#/essays/ann_050_fa_16
./docs/fa21_weisgall_benjamin_final-project-architecture-workshop.md,https://cu-mkp.github.io/sandbox/docs/breadmolding-assignment.html
./docs/fa21_weisgall_benjamin_final-project-architecture-workshop.md,https://cu-mkp.github.io/sandbox/docs/stucco-assignment.html
./docs/fa21_weisgall_benjamin_final-project-architecture-workshop.md,https://clio.columbia.edu/catalog/15121527?counter=2
./docs/fa21_weisgall_benjamin_final-project-architecture-workshop.md,https://clio.columbia.edu/catalog/15222116
./docs/fa21_weisgall_benjamin_final-project-architecture-workshop.md,https://clio.columbia.edu/catalog/10972585
./docs/fa21_weisgall_benjamin_final-project-architecture-workshop.md,https://archive.org/details/craftsmanshandbo00cenn/mode/2up
./docs/fa21_weisgall_benjamin_final-project-architecture-workshop.md,https://doi.org/10.2307/1512771
./docs/fa21_weisgall_benjamin_final-project-architecture-workshop.md,https://clio.columbia.edu/catalog/7031831?counter=1
./docs/fa21_weisgall_benjamin_final-project-architecture-workshop.md,http://edition640.makingandknowing.org/#/essays/ann_300_ie_19
./docs/fa21_weisgall_benjamin_final-project-architecture-workshop.md,https://edition640.makingandknowing.org/#/essays/ann_329_ie_19
./docs/fa21_weisgall_benjamin_final-project-architecture-workshop.md,https://edition640.makingandknowing.org/#/essays/ann_045_fa_16
./docs/fa21_zayas+waters_elliot+mac_final-project-soundscape.md,https://www-jstor-org.ezproxy.cul.columbia.edu/stable/pdf/j.ctv1xxsqf.4.pdf?refreqid=excelsior%3A675eb21d0da6fc0ccaa4a6aaf8edbd4c
./docs/fa21_zayas+waters_elliot+mac_final-project-soundscape.md,https://edition640.makingandknowing.org/#/essays/ann_022_sp_15
./docs/fa21_zayas+waters_elliot+mac_final-project-soundscape.md,https://www.ams-net.org/ojs/index.php/jmhp/article/view/216
./docs/fa21_zayas+waters_elliot+mac_final-project-soundscape.md,https://edition640.makingandknowing.org/#/essays/ann_302_ie_19
./docs/fa21_zayas+waters_elliot+mac_final-project-soundscape.md,https://www.doi.org/10.7916/027y-d055
./docs/fa21_zayas+waters_elliot+mac_final-project-soundscape.md,https://vpcp.chass.ncsu.edu/
./docs/index-activity-assignments.md,scavenger-hunt_secrets-of-craft.md
./docs/index-activity-assignments.md,scavenger-hunt-2.md
./docs/index-activity-assignments.md,burnsalve.md
./docs/index-activity-assignments.md,breadmolding-assignment.md
./docs/index-activity-assignments.md,stucco-assignment.md
./docs/index-activity-assignments.md,painting-assignment.md
./docs/index-activity-assignments.md,verdigris-assignment.md
./docs/index-activity-assignments.md,https://travelingscriptorium.com/2013/01/17/verdigris/
./docs/index-activity-assignments.md,pigment-cochineal-lake_assignment.md
./docs/index-activity-assignments.md,pigment-madder-lake_assignment.md
./docs/index-activity-assignments.md,sp22_fld_rosenkranz_naomi_madder-lake-trio.md
./docs/index-activity-assignments.md,dyes-assignment.md
./docs/index-activity-assignments.md,azurite-assignment.md
./docs/index-assessment-tools.md,https://ccnmtl.github.io/digital-literacy/
./docs/index-assessment-tools.md,https://www.makingandknowing.org/wp-content/uploads/2019/10/Website-Syllabus_Digital_course.pdf
./docs/index-assessment-tools.md,https://docs.google.com/document/d/11Em2vX-jJw_4QoP62STwVo1i5cNi81ARft9j7gOQsoA/edit?usp=sharing
./docs/index-assessment-tools.md,https://cu-mkp.github.io/diglit-gr8975/
./docs/index-collaborator-courses.md,sp22_nielson_christina_syllabus-arth-295_ingenious-making_web-version.pdf
./docs/index-collaborator-courses.md,sp22_nielson_christina_syllabus-arth-295_ingenious-making_web-version.docx
./docs/index-collaborator-courses.md,https://fieldnotes.makingandknowing.org/
./docs/index-collaborator-courses.md,stucco-assignment.md
./docs/index-collaborator-courses.md,https://edition640.makingandknowing.org/#/folios/120v/f/120v/tl
./docs/index-collaborator-courses.md,pigment-cochineal-lake_assignment.md
./docs/index-collaborator-courses.md,verdigris-assignment.md
./docs/index-collaborator-courses.md,https://oberlin.digication.com/audrey-libatique-ingenious-making/home
./docs/index-collaborator-courses.md,https://oberlin.digication.com/audrey-libatique-ingenious-making/home
./docs/index-collaborator-courses.md,https://oberlin.digication.com/sien-mcfalls-journal-arth295/home
./docs/index-collaborator-courses.md,https://www.rca.ac.uk/news-and-events/news/vrca-history-design-students-explore-early-modern-artistic-materials/
./docs/index-collaborator-courses.md,https://www.vam.ac.uk/blog/tag/making-and-knowing
./docs/index-course-projects.md,https://docs.google.com/document/d/e/2PACX-1vQPLMeJc5B32slPAKIv-4W29hj_G6WR7dVQ7TTbYA7oStHv-Ze7BP5BUkQhUvFgXGXGlylSL6BsL2jT/pub
./docs/index-course-projects.md,SP19_Camps_Ontologies-of-Ms-Fr-640.pdf
./docs/index-course-projects.md,SP19_Bergen_Textual-Analysis-with-Optical-Character-Recognition.pdf
./docs/index-course-projects.md,SP19_Lehnert-Hand-Houser_Material-Qualities-of-the-Page.pdf
./docs/index-course-projects.md,SP19_Kaplan_Indexing-Ingredients.pdf
./docs/index-course-projects.md,SP19_Soto_Chromatic-Index.pdf
./docs/index-course-projects.md,SP19_Chromatic-Index-Presentation.pdf
./docs/index-course-projects.md,SP19_ARGroup.pdf
./docs/index-course-projects.md,SP19_ARGroup-Presentation.pdf
./docs/index-course-projects.md,SP19_ARGroup-Presentation.pptx
./docs/index-course-projects.md,https://docs.google.com/document/d/e/2PACX-1vTdDTbjg3Wo-03RCA7KtszFF-nVyY0ECotExiQK8SnNpBQ_zNC0tBv9f_RUCujxGlTkdFTZiGicbVKO/pub
./docs/index-course-projects.md,su21_branscum_elizabeth_final-project-medicinal.md
./docs/index-course-projects.md,su21_fox_mackenzie_final-project-disorganization.md
./docs/index-course-projects.md,su21_macomber_sophie_final-project-figures.md
./docs/index-course-projects.md,su21_christensen_anna_final-project-natural-things.md
./docs/index-course-projects.md,su21_snyder_mellon_final-project-pigments.pdf
./docs/index-course-projects.md,su21_snyder_mellon_final-project-pigments.pptx
./docs/index-course-projects.md,https://docs.google.com/document/d/e/2PACX-1vSwHOvl3vKELpALapOMMPWTRYaTkVxSn6n9243mOpekLYzlzpIbpmjzZjaRcFnj_RCi3iwNKSm5qBHS/pub
./docs/index-course-projects.md,fa21_steinman_charlie_final-project-ms262.md
./docs/index-course-projects.md,https://github.com/cu-mkp/ms-262-data
./docs/index-course-projects.md,fa21_ghoneima_hana_final-project-oral-culture.md
./docs/index-course-projects.md,fa21_coutavas_allie_final-project-reds.md
./docs/index-course-projects.md,fa21_jacobson_beah_final-project-know.md
./docs/index-course-projects.md,fa21_lin+sundar_danli+anusha_final-project_regimens-remedies.md
./docs/index-course-projects.md,fa21_weisgall_benjamin_final-project-architecture-workshop.md
./docs/index-course-projects.md,fa21_davol_eleanor_final-project-nat-history.pdf
./docs/index-course-projects.md,fa21_alberts_naomi_final-project_ph-lesson.md
./docs/index-course-projects.md,https://catapanoth.com/omandka/exhibits/show/global-ingredients--the-divers
./docs/index-course-projects.md,fa21_atkins+joyce-farley_charlotte+siobhan_pranks.md
./docs/index-course-projects.md,https://youtu.be/BFK71x0bvuE
./docs/index-course-projects.md,fa21_zayas+waters_elliot+mac_final-project-soundscape.md
./docs/index-course-projects.md,https://vimeo.com/672477385
./docs/index-course-projects.md,https://vimeo.com/672823504
./docs/index-course-projects.md,https://vimeo.com/672823543
./docs/index-course-projects.md,https://docs.google.com/document/d/e/2PACX-1vS_I76a42zOm-GfGNZHl4s385XNFV4pkHqBq_x0op2S8LUlqN_-B5ebEPdNxqJ3-O1wWUiyemMA2zF9/pub
./docs/index-course-projects.md,sp22_arocho_alejandra_herodotus-workshop.md
./docs/index-course-projects.md,sp22_dzumala_maciej_discards.pdf
./docs/index-course-projects.md,sp22_lang_theodora_counterproofing.md
./docs/index-course-projects.md,sp22_wei+yang_jianing+luxi_popup.md
./docs/index-course-projects.md,sp22_nebolsin_victoria_final-project_animal-rationality.md
./docs/index-course-projects.md,sp22_donald_maia_final-project_cuttlebone.md
./docs/index-course-projects.md,sp22_bergen+sabet_jamie+sofia_final-project_grotto.md
./docs/index-course-projects.md,su22_fld_cunningham_annika_onion-skin-dyeing.md
./docs/index-course-projects.md,sp22_fld_rosenkranz_naomi_madder-lake-trio.md
./docs/index-digital-projects.md,manuscript-object-tutorial.md
./docs/index-digital-projects.md,categories.md
./docs/index-digital-projects.md,Chaillard_final-report.md
./docs/index-digital-projects.md,Kaufman_final-report.md
./docs/index-digital-projects.md,https://github.com/cu-mkp/m-k-manuscript-data/releases/tag/v1.2.0
./docs/index-digital-projects.md,http://voyant-test.makingandknowing.org:8888/?corpus=6b5b78554b426ede98671e5fdcad294d
./docs/index-digital-projects.md,http://voyant-test.makingandknowing.org:8888/?corpus=b560f05582db17b6eb34356d684e565f
./docs/index-digital-projects.md,https://cu-mkp.github.io/ms-text-analysis/guide_to_searching
./docs/index-digital-projects.md,https://www.clementgodbarge.com/post/visualization/
./docs/index-edition-prototypes.md,https://edition640.makingandknowing.org/
./docs/index-edition-prototypes.md,https://cu-mkp.github.io/2017-workshop-edition/
./docs/index-edition-prototypes.md,https://elotroalex.github.io/ed/
./docs/index-edition-prototypes.md,https://github.com/cu-mkp/2017-workshop-edition
./docs/index-edition-prototypes.md,https://cu-mkp.github.io/GR8975-edition/
./docs/index-edition-prototypes.md,https://github.com/cu-mkp/GR8975-edition
./docs/index-edition-prototypes.md,prototypes-xpmethods.md
./docs/index-edition-prototypes.md,prototypes-bingyan.md
./docs/index-edition-prototypes.md,prototypes-wireframes.md
./docs/index-presentations-reference.md,introduction-paints-pigments_njr_2021.pdf
./docs/index-presentations-reference.md,rosenkranz_2021_lakes_cochineal-history-chem-prep.pdf
./docs/index-presentations-reference.md,rosenkranz_2019_dyes_dye-sample-book_2019-05-03.pdf
./docs/index-presentations-reference.md,rosenkranz_2018_dyes_cochineal-workshop_overview-of-dye-chemistry-history.pdf
./docs/index-presentations-reference.md,rosenkranz_2019-april_dyes_cochineal-history-chem-prep.pdf
./docs/index-presentations-reference.md,rosenkranz_2019_dyes_reconstruction-exchange-case-study-in-16th-century-red-dyes.pdf
./docs/index-presentations-reference.md,http://refashioningrenaissance.eu/
./docs/index-presentations-reference.md,https://refashioningrenaissance.eu/experiments/red-dyes-with-making-knowing/
./docs/index-presentations-reference.md,https://refashioningrenaissance.eu/refashioning-workshop-in-toronto-and-nyc/
./docs/index-presentations-reference.md,rosenkranz_2018_dyes_cochineal-step-by-step.pdf
./docs/Kaufman_final-report.md,https://github.com/ronikaufman
./docs/Kaufman_final-report.md,https://github.com/cu-mkp/manuscript-object/blob/v1.0-ronikaufman/manuscript_visualizations/bubbleplots/languages_bubbles.png?raw=true
./docs/Kaufman_final-report.md,https://github.com/cu-mkp/manuscript-object/blob/v1.0-ronikaufman/manuscript_visualizations/bubbleplots/languages_bubbles_normalized.png?raw=true
./docs/Kaufman_final-report.md,https://github.com/cu-mkp/manuscript-object/blob/v1.0-ronikaufman/manuscript_visualizations/swarmplots/languages_swarmplot.png?raw=true
./docs/Kaufman_final-report.md,https://github.com/cu-mkp/manuscript-object/blob/v1.0-ronikaufman/manuscript_visualizations/barplots/el_tag_by_category_barplot.png?raw=true
./docs/Kaufman_final-report.md,https://github.com/cu-mkp/manuscript-object/blob/v1.0-ronikaufman/manuscript_visualizations/barplots/it_tag_by_category_barplot.png?raw=true
./docs/Kaufman_final-report.md,https://github.com/cu-mkp/manuscript-object/blob/v1.0-ronikaufman/manuscript_visualizations/barplots/la_tag_by_category_barplot.png?raw=true
./docs/Kaufman_final-report.md,https://github.com/cu-mkp/manuscript-object/blob/v1.0-ronikaufman/manuscript_visualizations/barplots/oc_tag_by_category_barplot.png?raw=true
./docs/Kaufman_final-report.md,https://github.com/cu-mkp/manuscript-object/blob/v1.0-ronikaufman/manuscript_visualizations/barplots/po_tag_by_category_barplot.png?raw=true
./docs/Kaufman_final-report.md,https://github.com/cu-mkp/manuscript-object/blob/v1.0-ronikaufman/manuscript_visualizations/barplots/add_del_tag_by_category_barplot.png?raw=true
./docs/Kaufman_final-report.md,https://github.com/cu-mkp/manuscript-object/blob/v1.0-ronikaufman/manuscript_visualizations/barplots/figures_marks_barplot.png?raw=true
./docs/Kaufman_final-report.md,https://github.com/cu-mkp/manuscript-object/blob/v1.0-ronikaufman/manuscript_visualizations/barplots/tc_semantic_tags_size_barplot.png?raw=true
./docs/Kaufman_final-report.md,https://github.com/cu-mkp/manuscript-object/blob/v1.0-ronikaufman/manuscript_visualizations/barplots/tcn_semantic_tags_size_barplot.png?raw=true
./docs/Kaufman_final-report.md,https://github.com/cu-mkp/manuscript-object/blob/v1.0-ronikaufman/manuscript_visualizations/barplots/tl_semantic_tags_size_barplot.png?raw=true
./docs/Kaufman_final-report.md,https://github.com/cu-mkp/manuscript-object/blob/v1.0-ronikaufman/manuscript_visualizations/barplots/categories_barplot.png?raw=true
./docs/manuscript-object-tutorial.md,https://raw.githubusercontent.com/cu-mkp/manuscript-object/master/projects/visualizations/scatter.png
./docs/manuscript-object-tutorial.md,https://raw.githubusercontent.com/cu-mkp/manuscript-object/master/projects/visualizations/hist.png
./docs/materials.md,../images/materials-aadv-collection-2.png?raw=true
./docs/materials.md,../images/materials-cbwg-collection-5.png?raw=true
./docs/materials.md,../images/materials-rsdt-collection-2.png?raw=true
./docs/materials.md,../images/materials-wlmg-collection-5.png?raw=true
./docs/painting-assignment.md,painting_assignment_downloadable_2021.pdf
./docs/painting-assignment.md,../images/painting-header.png?raw=true
./docs/painting-assignment.md,docs/introduction-paints-pigments_njr_2021.pdf
./docs/painting-assignment.md,../images/painting-pigment+binding-media.png?raw=true
./docs/painting-assignment.md,http://shop.kremerpigments.com/en/mediums--binders-und-glues/water-soluble-binders/gum-arabic-powder-63330:.html
./docs/painting-assignment.md,https://www.dickblick.com/items/13640-1021/
./docs/painting-assignment.md,https://www.amazon.com/gp/product/B07X7W2MXG/ref=ppx_yo_dt_b_asin_title_o05_s00?ie=UTF8&amp;psc=1
./docs/painting-assignment.md,https://shop.kremerpigments.com/us/shop/pigments/10200-azurite-natural-standard.html
./docs/painting-assignment.md,http://www.earthpigments.com/colonial-yellow-ocher-pigment/
./docs/painting-assignment.md,https://shop.kremerpigments.com/us/
./docs/painting-assignment.md,https://www.naturalpigments.com/
./docs/painting-assignment.md,https://www.earthpigments.com/
./docs/painting-assignment.md,https://www.cornelissen.com/
./docs/painting-assignment.md,https://www.naturalpigments.com/glass-muller.html?___store=default
./docs/painting-assignment.md,https://shop.kremerpigments.com/us/shop/tools-packaging-supplies/bone-folder-mortars-pestles-glass-mullers-sieves/glass-mullers-palettes/
./docs/painting-assignment.md,https://shop.kremerpigments.com/us/shop/tools-packaging-supplies/bone-folder-mortars-pestles-glass-mullers-sieves/glass-mullers-palettes/883340-glass-muller-small.html
./docs/painting-assignment.md,https://shop.kremerpigments.com/us/shop/tools-packaging-supplies/bone-folder-mortars-pestles-glass-mullers-sieves/glass-mullers-palettes/883348-glass-muller-medium.html
./docs/painting-assignment.md,https://shop.kremerpigments.com/us/shop/tools-packaging-supplies/bone-folder-mortars-pestles-glass-mullers-sieves/glass-mullers-palettes/883343-glass-muller-large-made-in-new-york.html
./docs/painting-assignment.md,https://www.amazon.com/gp/product/B00CZNHJT0/ref=ppx_yo_dt_b_search_asin_title?ie=UTF8&amp;psc=1
./docs/painting-assignment.md,https://www.youtube.com/watch?v=9cUDDQt7xfs
./docs/painting-assignment.md,https://www.youtube.com/watch?v=GvLkNoWjKz0
./docs/painting-assignment.md,https://www.flickr.com/photos/128418753@N06/albums/72157719202757564
./docs/painting-assignment.md,https://www.flickr.com/photos/128418753@N06/albums/72157674477187162/with/30784536062/
./docs/painting-assignment.md,https://photos.app.goo.gl/zZC1eMcy916euAVk8
./docs/painting-assignment.md,https://docs.google.com/presentation/d/1tncT6RHgFlqjv9uYamKNkr637qL4c0J_-9eUZAce5nY/edit?usp=sharing
./docs/painting-assignment.md,https://www.metmuseum.org/about-the-met/conservation-and-scientific-research/paper-conservation/symposia-and-academic-activities
./docs/painting-assignment.md,https://www.naturalpigments.com/artist-materials/cat/art-paint-supplies/post/how-to-make-water-based-paint/
./docs/painting-assignment.md,https://www.youtube.com/watch?v=zK0mXF2eXjw
./docs/painting-assignment.md,https://www.youtube.com/watch?v=1bGcEjn2KLk
./docs/painting-assignment.md,https://www.naturalpigments.com/artist-materials/how-to-make-water-based-paint/
./docs/painting-assignment.md,https://www.scribalworkshop.com/blog/2019/6/5/mulling-paint-a-beginner-ish-guide
./docs/painting-assignment.md,https://joyorkart.co.uk/working-with-pure-artists-pigments/
./docs/painting-assignment.md,https://www.artistsnetwork.com/art-techniques/make-your-own-paint/
./docs/painting-assignment.md,https://www.earthpigments.com/artists-egg-tempera/
./docs/painting-assignment.md,../images/pigment-card.png?raw=true
./docs/painting-assignment.md,https://www.artcons.udel.edu/outreach/kress
./docs/painting-assignment.md,http://cameo.mfa.org/wiki/Main_Page
./docs/painting-assignment.md,https://www.fitzmuseum.cam.ac.uk/illuminated/lab/lab/overview-of-artists-materials
./docs/painting-assignment.md,https://faculty.franklin.uga.edu/ctcamp/medieval-pigments-creation-and-analysis
./docs/painting-assignment.md,https://travelingscriptorium.wordpress.com/
./docs/painting-assignment.md,https://arb.mpiwg-berlin.mpg.de/node/1
./docs/painting-assignment.md,https://www.naturalpigments.com/artist-materials/cat/natural-pigments-supplies/post/artist-color-theory-study/
./docs/painting-assignment.md,https://www.naturalpigments.com/artist-materials/cat/natural-pigments-supplies/post/paint-glossary-terminology/
./docs/painting-assignment.md,https://www.naturalpigments.com/artist-materials/cat/natural-pigments-supplies/post/water-based-paint-pigments/
./docs/painting-assignment.md,https://www.naturalpigments.com/artist-materials/cat/natural-pigments-supplies/post/how-to-make-water-based-paint/
./docs/painting-assignment.md,https://www.naturalpigments.com/artist-materials/cat/natural-pigments-supplies/post/tutorial-how-make-paint/
./docs/painting-assignment.md,https://www.naturalpigments.com/artist-materials/cat/natural-pigments-supplies/post/transparent-opaque-paints/
./docs/painting-assignment.md,painting_assignment_downloadable_2021.pdf
./docs/pigment-cochineal-lake_assignment.md,pigment-cochineal-lake_assignment_downloadable_2021.pdf?raw=true
./docs/pigment-cochineal-lake_assignment.md,../images/pigment-cochineal_header.png?raw=true
./docs/pigment-cochineal-lake_assignment.md,./rosenkranz_2021_lakes_cochineal-history-chem-prep.pdf
./docs/pigment-cochineal-lake_assignment.md,./introduction-paints-pigments_njr_2021.pdf
./docs/pigment-cochineal-lake_assignment.md,../images/cochineal-presentation.png?raw=true
./docs/pigment-cochineal-lake_assignment.md,../images/cochineal-plant.jpg?raw=true
./docs/pigment-cochineal-lake_assignment.md,https://www.bbc.com/news/business-43786055
./docs/pigment-cochineal-lake_assignment.md,../images/cochineal-dyes.png?raw=true
./docs/pigment-cochineal-lake_assignment.md,../images/cochineal-paintings.png?raw=true
./docs/pigment-cochineal-lake_assignment.md,../images/pigment-lake-overview.png?raw=true
./docs/pigment-cochineal-lake_assignment.md,https://shop.kremerpigments.com/us/shop/dyes-vegetable-color-paints/natural-organic-dyes-vegetable-color-paints/36040-cochineal.html
./docs/pigment-cochineal-lake_assignment.md,https://shop.kremerpigments.com/us/shop/solvents-chemicals-additives/chemicals/64100-potash-alum.html
./docs/pigment-cochineal-lake_assignment.md,https://shop.kremerpigments.com/us/shop/solvents-chemicals-additives/64040-potash.html
./docs/pigment-cochineal-lake_assignment.md,https://shop.kremerpigments.com/us/shop/dyes-vegetable-color-paints/natural-organic-dyes-vegetable-color-paints/36040-cochineal.html
./docs/pigment-cochineal-lake_assignment.md,https://shop.kremerpigments.com/us/shop/solvents-chemicals-additives/chemicals/64100-potash-alum.html
./docs/pigment-cochineal-lake_assignment.md,https://shop.kremerpigments.com/us/shop/solvents-chemicals-additives/64040-potash.html
./docs/pigment-cochineal-lake_assignment.md,https://www.thekitchn.com/technique-how-to-make-and-use-70190
./docs/pigment-madder-lake_assignment.md,./rosenkranz_2021_lakes_cochineal-history-chem-prep.pdf
./docs/pigment-madder-lake_assignment.md,sp22_fld_rosenkranz_naomi_madder-lake-trio.md
./docs/pigment-madder-lake_assignment.md,../images/madder-roots.jpg?raw=true
./docs/pigment-madder-lake_assignment.md,http://thedomesticsoundscape.com/wordpress/?attachment_id=3451
./docs/pigment-madder-lake_assignment.md,https://shop.kremerpigments.com/us/shop/dyes-vegetable-color-paints/37201-madder-roots-ground-with-pieces.html
./docs/pigment-madder-lake_assignment.md,https://shop.kremerpigments.com/us/shop/solvents-chemicals-additives/chemicals/64100-potash-alum.html
./docs/pigment-madder-lake_assignment.md,https://shop.kremerpigments.com/us/shop/solvents-chemicals-additives/64040-potash.html
./docs/pigment-madder-lake_assignment.md,https://shop.kremerpigments.com/us/shop/dyes-vegetable-color-paints/37201-madder-roots-ground-with-pieces.html
./docs/pigment-madder-lake_assignment.md,https://shop.kremerpigments.com/us/shop/solvents-chemicals-additives/chemicals/64100-potash-alum.html
./docs/pigment-madder-lake_assignment.md,https://shop.kremerpigments.com/us/shop/solvents-chemicals-additives/64040-potash.html
./docs/pigment-madder-lake_assignment.md,https://shop.kremerpigments.com/us/shop/dyes-vegetable-color-paints/37201-madder-roots-ground-with-pieces.html
./docs/pigment-madder-lake_assignment.md,https://shop.kremerpigments.com/us/shop/solvents-chemicals-additives/chemicals/64100-potash-alum.html
./docs/pigment-madder-lake_assignment.md,https://shop.kremerpigments.com/us/shop/solvents-chemicals-additives/64040-potash.html
./docs/pigment-madder-lake_assignment.md,https://www.thekitchn.com/technique-how-to-make-and-use-70190
./docs/prototypes-bingyan.md,../images/prototypes-bingyan.png?raw=true
./docs/prototypes-wireframes.md,../images/prototypes-wireframe-simple.jpg?raw=true
./docs/prototypes-wireframes.md,https://edition640.makingandknowing.org/#/folios/109r/f/109r/tl
./docs/prototypes-wireframes.md,../images/prototypes-wireframe-109r.jpg?raw=true
./docs/prototypes-wireframes.md,https://edition640.makingandknowing.org/#/folios/124v/f/124v/tl
./docs/prototypes-wireframes.md,../images/prototypes-wireframe-124v.jpg?raw=true
./docs/prototypes-xpmethods.md,https://xpmethod.columbia.edu/
./docs/prototypes-xpmethods.md,http://xpmethod.plaintext.in/making-knowing/
./docs/prototypes-xpmethods.md,http://xpmethod.plaintext.in/events/public-discourse/pamela-smith.html
./docs/prototypes-xpmethods.md,../images/prototypes-xpmethods-mspage.png?raw=true
./docs/prototypes-xpmethods.md,http://xpmethod.plaintext.in/making-knowing/field-notes.html
./docs/prototypes-xpmethods.md,http://xpmethod.plaintext.in/making-knowing//waxmolding.html
./docs/prototypes-xpmethods.md,../images/prototypes-xpmethods-fieldnotes.png?raw=true
./docs/scavenger-hunt-2.md,scavenger-hunt-recon_downloadable_2022.pdf
./docs/scavenger-hunt-2.md,https://edition640.makingandknowing.org
./docs/scavenger-hunt-2.md,https://edition640.makingandknowing.org/#/folios
./docs/scavenger-hunt-2.md,https://edition640.makingandknowing.org/#/folios/5r/f/5r/tl
./docs/scavenger-hunt-2.md,https://edition640.makingandknowing.org/#/folios/10r/f/10r/tl
./docs/scavenger-hunt-2.md,https://edition640.makingandknowing.org/#/folios/34r/tl
./docs/scavenger-hunt-2.md,https://edition640.makingandknowing.org/#/folios/124v/f/124v/tl
./docs/scavenger-hunt-2.md,https://edition640.makingandknowing.org/#/folios/152r/f/152r/tl
./docs/scavenger-hunt-2.md,https://edition640.makingandknowing.org/#/entries
./docs/scavenger-hunt-2.md,https://edition640.makingandknowing.org/#/essays
./docs/scavenger-hunt-2.md,https://edition640.makingandknowing.org/#/content/resources
./docs/scavenger-hunt-2.md,http://www.makingandknowing.org/
./docs/scavenger-hunt-2.md,https://edition640.makingandknowing.org/#/essays/ann_329_ie_19
./docs/scavenger-hunt-2.md,https://edition640.makingandknowing.org/#/essays/ann_300_ie_19
./docs/scavenger-hunt-2.md,https://cu-mkp.github.io/sandbox/
./docs/scavenger-hunt_secrets-of-craft.md,https://edition640.makingandknowing.org
./docs/scavenger-hunt_secrets-of-craft.md,http://www.makingandknowing.org/
./docs/scavenger-hunt_secrets-of-craft.md,https://edition640.makingandknowing.org/#/essays/ann_329_ie_19
./docs/scavenger-hunt_secrets-of-craft.md,https://edition640.makingandknowing.org/#/essays/ann_300_ie_19
./docs/scavenger-hunt_secrets-of-craft.md,https://cu-mkp.github.io/sandbox/
./docs/scavenger-hunt_secrets-of-craft.md,https://teaching640.makingandknowing.org/
./docs/sp22_arocho_alejandra_herodotus-workshop.md,https://www.college.columbia.edu/core/lithum
./docs/sp22_arocho_alejandra_herodotus-workshop.md,https://www.college.columbia.edu/core/core
./docs/sp22_arocho_alejandra_herodotus-workshop.md,https://global.oup.com/ukhe/product/the-histories-9780199535668?cc=us&lang=en&
./docs/sp22_arocho_alejandra_herodotus-workshop.md,https://edition640.makingandknowing.org/#/folios/162r
./docs/sp22_arocho_alejandra_herodotus-workshop.md,https://edition640.makingandknowing.org/#/folios/166r/f/166r/tc
./docs/sp22_arocho_alejandra_herodotus-workshop.md,https://docs.google.com/spreadsheets/d/11EZtLlVSwX3auZ0Na5MkB26sl9pCNkwA-yrqtDmYUMk/edit#gid=0
./docs/sp22_arocho_alejandra_herodotus-workshop.md,https://edition640.makingandknowing.org/#/folios/13r/f/13r/tc
./docs/sp22_arocho_alejandra_herodotus-workshop.md,https://edition640.makingandknowing.org/#/folios/120v/f/120v/tc
./docs/sp22_arocho_alejandra_herodotus-workshop.md,https://edition640.makingandknowing.org/#/folios/162r
./docs/sp22_arocho_alejandra_herodotus-workshop.md,https://edition640.makingandknowing.org/#/folios/166r/f/166r/tc
./docs/sp22_arocho_alejandra_herodotus-workshop.md,https://global.oup.com/ukhe/product/the-histories-9780199535668?cc=us&lang=en&
./docs/sp22_arocho_alejandra_herodotus-workshop.md,https://global.oup.com/ukhe/product/the-histories-9780199535668?cc=us&lang=en&
./docs/sp22_arocho_alejandra_herodotus-workshop.md,https://edition640.makingandknowing.org/#/essays/ann_320_ie_19
./docs/sp22_arocho_alejandra_herodotus-workshop.md,https://edition640.makingandknowing.org/#/essays/ann_300_ie_19
./docs/sp22_bergen+sabet_jamie+sofia_final-project_grotto.md,"https://digi.ub.uni-heidelberg.de/diglit/caus1620/0034/image,info,thumbs"
./docs/sp22_bergen+sabet_jamie+sofia_final-project_grotto.md,https://edition640.makingandknowing.org/#/folios/118r/tl
./docs/sp22_bergen+sabet_jamie+sofia_final-project_grotto.md,https://edition640.makingandknowing.org/#/folios/124v/f/124v/tl
./docs/sp22_bergen+sabet_jamie+sofia_final-project_grotto.md,https://edition640.makingandknowing.org/#/folios/118r/f/118r/tl
./docs/sp22_bergen+sabet_jamie+sofia_final-project_grotto.md,https://edition640.makingandknowing.org/#/folios/130r/f/130r/tl
./docs/sp22_bergen+sabet_jamie+sofia_final-project_grotto.md,https://edition640.makingandknowing.org/#/folios/40r/f/40r/tl
./docs/sp22_bergen+sabet_jamie+sofia_final-project_grotto.md,https://edition640.makingandknowing.org/#/folios/118r/tl
./docs/sp22_bergen+sabet_jamie+sofia_final-project_grotto.md,https://www.flickr.com/photos/128418753@N06/albums/72177720299168770
./docs/sp22_bergen+sabet_jamie+sofia_final-project_grotto.md,https://edition640.makingandknowing.org/#/folios/29r/f/29r/tl
./docs/sp22_bergen+sabet_jamie+sofia_final-project_grotto.md,https://edition640.makingandknowing.org/#/essays/ann_063_fa_17
./docs/sp22_donald_maia_final-project_cuttlebone.md,https://edition640.makingandknowing.org/#/folios/91r/f/91r/tl
./docs/sp22_donald_maia_final-project_cuttlebone.md,https://edition640.makingandknowing.org/#/folios/145r/f/145r/tl
./docs/sp22_donald_maia_final-project_cuttlebone.md,https://creativecommons.org/licenses/by-nc-sa/4.0/
./docs/sp22_donald_maia_final-project_cuttlebone.md,https://edition640.makingandknowing.org/#/folios/145r/f/145r/tl
./docs/sp22_donald_maia_final-project_cuttlebone.md,https://creativecommons.org/licenses/by-nc-sa/4.0/
./docs/sp22_donald_maia_final-project_cuttlebone.md,https://www.ebay.com/itm/284763454250?chn=ps&var=586430398240&_trkparms=ispr%3D1&amdata=enc%3A1YWZWW00UQR6MHFPcTeVZww27&norover=1&mkevt=1&mkrid=711-117182-37290-0&mkcid=2&itemid=586430398240_284763454250&targetid=1599090335937&device=c&mktype=&googleloc=1018516&poi=&campaignid=15275224983&mkgroupid=131097072938&rlsatarget=pla-1599090335937&abcId=9300697&merchantid=262573143&gclid=Cj0KCQjwg_iTBhDrARIsAD3Ib5hKuBrNkJd2MZmjAy87lApL4ey6p1xT0G0PKMtz5hq00b-F-xbnOacaAurqEALw_wcB
./docs/sp22_donald_maia_final-project_cuttlebone.md,https://www.aquamaps.org
./docs/sp22_donald_maia_final-project_cuttlebone.md,https://britishseafishing.co.uk/commercial-fishing-for-squid-and-cuttlefish/
./docs/sp22_donald_maia_final-project_cuttlebone.md,https://www.bbc.com/news/uk-england-cornwall-13451208
./docs/sp22_donald_maia_final-project_cuttlebone.md,http://www.jstor.org/stable/41963484
./docs/sp22_donald_maia_final-project_cuttlebone.md,https://doi.org/10.1017/CHOL9780521087100.004
./docs/sp22_donald_maia_final-project_cuttlebone.md,https://doi.org/10.1186/s40494-015-0039-0
./docs/sp22_donald_maia_final-project_cuttlebone.md,http://www.jstor.org/stable/41963484
./docs/sp22_donald_maia_final-project_cuttlebone.md,https://www.aquamaps.org
./docs/sp22_donald_maia_final-project_cuttlebone.md,https://doi.org/10.1017/CHOL9780521087100.004
./docs/sp22_donald_maia_final-project_cuttlebone.md,https://www.bbc.com/news/uk-england-cornwall-13451208
./docs/sp22_donald_maia_final-project_cuttlebone.md,https://doi.org/10.1186/s40494-015-0039-0
./docs/sp22_donald_maia_final-project_cuttlebone.md,https://britishseafishing.co.uk/commercial-fishing-for-squid-and-cuttlefish/
./docs/sp22_donald_maia_final-project_cuttlebone.md,https://www.cornwallgoodseafoodguide.org.uk/fish-guide/cuttlefish.php
./docs/sp22_fld_rosenkranz_naomi_madder-lake-trio.md,./rosenkranz_2021_lakes_cochineal-history-chem-prep.pdf
./docs/sp22_fld_rosenkranz_naomi_madder-lake-trio.md,https://shop.kremerpigments.com/us/shop/dyes-vegetable-color-paints/37201-madder-roots-ground-with-pieces.html
./docs/sp22_fld_rosenkranz_naomi_madder-lake-trio.md,https://shop.kremerpigments.com/us/shop/solvents-chemicals-additives/chemicals/64100-potash-alum.html
./docs/sp22_fld_rosenkranz_naomi_madder-lake-trio.md,https://shop.kremerpigments.com/us/shop/solvents-chemicals-additives/64040-potash.html
./docs/sp22_fld_rosenkranz_naomi_madder-lake-trio.md,https://shop.kremerpigments.com/us/shop/dyes-vegetable-color-paints/37201-madder-roots-ground-with-pieces.html
./docs/sp22_fld_rosenkranz_naomi_madder-lake-trio.md,https://shop.kremerpigments.com/us/shop/solvents-chemicals-additives/chemicals/64100-potash-alum.html
./docs/sp22_fld_rosenkranz_naomi_madder-lake-trio.md,https://shop.kremerpigments.com/us/shop/solvents-chemicals-additives/64040-potash.html
./docs/sp22_fld_rosenkranz_naomi_madder-lake-trio.md,https://shop.kremerpigments.com/us/shop/dyes-vegetable-color-paints/37201-madder-roots-ground-with-pieces.html
./docs/sp22_fld_rosenkranz_naomi_madder-lake-trio.md,https://shop.kremerpigments.com/us/shop/solvents-chemicals-additives/chemicals/64100-potash-alum.html
./docs/sp22_fld_rosenkranz_naomi_madder-lake-trio.md,https://shop.kremerpigments.com/us/shop/solvents-chemicals-additives/64040-potash.html
./docs/sp22_fld_rosenkranz_naomi_madder-lake-trio.md,https://www.thekitchn.com/technique-how-to-make-and-use-70190
./docs/sp22_lang_theodora_counterproofing.md,https://www.metmuseum.org/art/collection/search/387875
./docs/sp22_lang_theodora_counterproofing.md,https://christchurchartgallery.org.nz/collection/69279/item/christ-taking-leave-of-his-mother-from-the-life-of
./docs/sp22_lang_theodora_counterproofing.md,https://www.metmuseum.org/art/collection/search/386108
./docs/sp22_lang_theodora_counterproofing.md,http://www.jstor.org/stable/26631746
./docs/sp22_lang_theodora_counterproofing.md,https://www.jstor.org/stable/26558270
./docs/sp22_lang_theodora_counterproofing.md,https://hyperallergic.com/497448/copies-fakes-and-reproductions-printmaking-in-the-renaissance-blanton-museum-of-art/
./docs/sp22_lang_theodora_counterproofing.md,https://www.smithsonianmag.com/smart-news/austin-exhibition-asks-what-differentiates-renaissance-copies-fakes-and-reproductions-180972094/
./docs/sp22_lang_theodora_counterproofing.md,https://www.jstor.org/stable/26408682
./docs/sp22_lang_theodora_counterproofing.md,https://doi.org/10.2307/776586
./docs/sp22_lang_theodora_counterproofing.md,https://www.doi.org/10.7916/qmcq-ce66
./docs/sp22_lang_theodora_counterproofing.md,http://www.jstor.org/stable/26631746
./docs/sp22_lang_theodora_counterproofing.md,http://www.jstor.org/stable/4301572
./docs/sp22_lang_theodora_counterproofing.md,https://doi.org/10.2307/776586
./docs/sp22_lang_theodora_counterproofing.md,https://www.youtube.com/watch?v=VuB9EtQ8DeY
./docs/sp22_lang_theodora_counterproofing.md,http://bdh-rd.bne.es/viewer.vm?id=bdh0000251828
./docs/sp22_lang_theodora_counterproofing.md,https://hyperallergic.com/526880/how-europe-learned-to-draw/
./docs/sp22_lang_theodora_counterproofing.md,https://www.press.jhu.edu/books/title/2083/openness-secrecy-authorship
./docs/sp22_lang_theodora_counterproofing.md,https://www.jstor.org/stable/26558270
./docs/sp22_lang_theodora_counterproofing.md,https://docs.google.com/document/d/1Wnknuqxi-4hgHHgK5B9RudKuXmyyHDoKcVeYRZgjNtk/edit?usp=sharing
./docs/sp22_nebolsin_victoria_final-project_animal-rationality.md,https://edition640.makingandknowing.org/#/
./docs/sp22_nebolsin_victoria_final-project_animal-rationality.md,https://edition640.makingandknowing.org/#/folios/109v/tl
./docs/sp22_nebolsin_victoria_final-project_animal-rationality.md,https://edition640.makingandknowing.org/#/folios/152r/f/152r/tl
./docs/sp22_nebolsin_victoria_final-project_animal-rationality.md,https://edition640.makingandknowing.org/#/folios/13v/f/13v/tl
./docs/sp22_nebolsin_victoria_final-project_animal-rationality.md,https://edition640.makingandknowing.org/#/folios/152r/f/152r/tl
./docs/sp22_nebolsin_victoria_final-project_animal-rationality.md,https://shakespeareandbeyond.folger.edu/2020/01/21/rats-early-modern-life-shakespeare-plays-wild-things/
./docs/sp22_nebolsin_victoria_final-project_animal-rationality.md,https://shakespeareandbeyond.folger.edu/2020/01/21/rats-early-modern-life-shakespeare-plays-wild-things/
./docs/sp22_nebolsin_victoria_final-project_animal-rationality.md,https://edition640.makingandknowing.org/#/folios/54v/f/54v/tl
./docs/sp22_nebolsin_victoria_final-project_animal-rationality.md,https://edition640.makingandknowing.org/#/folios/107r/f/107r/tl
./docs/sp22_nebolsin_victoria_final-project_animal-rationality.md,https://edition640.makingandknowing.org/#/folios/160v/f/160v/tl
./docs/sp22_nebolsin_victoria_final-project_animal-rationality.md,https://edition640.makingandknowing.org/#/folios/13v/f/13v/tl
./docs/sp22_nebolsin_victoria_final-project_animal-rationality.md,https://edition640.makingandknowing.org/#/folios/53v/f/53v/tl
./docs/sp22_nebolsin_victoria_final-project_animal-rationality.md,https://edition640.makingandknowing.org/#/folios/122r/f/122r/tl
./docs/sp22_nebolsin_victoria_final-project_animal-rationality.md,https://edition640.makingandknowing.org/#/folios/109v/f/109v/tl
./docs/sp22_nebolsin_victoria_final-project_animal-rationality.md,https://www.jstor.org/stable/4289600
./docs/sp22_nebolsin_victoria_final-project_animal-rationality.md,https://edition640.makingandknowing.org/#/essays/ann_059_sp_17
./docs/sp22_nebolsin_victoria_final-project_animal-rationality.md,https://www.jstor.org/stable/4342690
./docs/sp22_nebolsin_victoria_final-project_animal-rationality.md,https://edition640.makingandknowing.org/
./docs/sp22_nebolsin_victoria_final-project_animal-rationality.md,http://www.jstor.org/stable/43937959
./docs/sp22_nebolsin_victoria_final-project_animal-rationality.md,https://penelope.uchicago.edu/Thayer/e/roman/texts/plutarch/moralia/de_garrulitate*.html
./docs/sp22_nebolsin_victoria_final-project_animal-rationality.md,https://penelope.uchicago.edu/Thayer/E/Roman/Texts/Plutarch/Lives/Dion*.html
./docs/sp22_nebolsin_victoria_final-project_animal-rationality.md,https://penelope.uchicago.edu/Thayer/E/Roman/Texts/Plutarch/Moralia/Gryllus*.html
./docs/sp22_nebolsin_victoria_final-project_animal-rationality.md,https://edition640.makingandknowing.org/#/essays/ann_511_ad_20
./docs/sp22_nebolsin_victoria_final-project_animal-rationality.md,https://edition640.makingandknowing.org/#/essays/ann_511_ad_20
./docs/sp22_nebolsin_victoria_final-project_animal-rationality.md,https://edition640.makingandknowing.org/#/essays/ann_511_ad_20
./docs/sp22_nebolsin_victoria_final-project_animal-rationality.md,http://www.jstor.org/stable/43937959
./docs/sp22_nebolsin_victoria_final-project_animal-rationality.md,https://doi-org.ezproxy.cul.columbia.edu/10.18574/nyu/9781479859351.001.0001
./docs/sp22_nebolsin_victoria_final-project_animal-rationality.md,https://penelope.uchicago.edu/Thayer/e/roman/texts/plutarch/moralia/de_garrulitate*.html
./docs/sp22_nebolsin_victoria_final-project_animal-rationality.md,https://penelope.uchicago.edu/Thayer/E/Roman/Texts/Plutarch/Lives/Dion*.html
./docs/sp22_nebolsin_victoria_final-project_animal-rationality.md,http://www.jstor.org/stable/43937959
./docs/sp22_nebolsin_victoria_final-project_animal-rationality.md,https://www.jstor.org/stable/4342690
./docs/sp22_nebolsin_victoria_final-project_animal-rationality.md,https://penelope.uchicago.edu/Thayer/E/Roman/Texts/Plutarch/Moralia/Gryllus*.html
./docs/sp22_nebolsin_victoria_final-project_animal-rationality.md,https://edition640.makingandknowing.org/#/essays/ann_059_sp_17
./docs/sp22_nebolsin_victoria_final-project_animal-rationality.md,https://penelope.uchicago.edu/Thayer/E/Roman/Texts/Plutarch/Moralia/Gryllus*.html
./docs/sp22_nebolsin_victoria_final-project_animal-rationality.md,https://hdl.handle.net/2027/mdp.39015023171559
./docs/sp22_nebolsin_victoria_final-project_animal-rationality.md,https://hdl.handle.net/2027/mdp.39015023171559
./docs/sp22_wei+yang_jianing+luxi_popup.md,https://player.vimeo.com/video/710444936?h=b9508dad89
./docs/sp22_wei+yang_jianing+luxi_popup.md,sp22_wei+yang_jianing+luxi_popup-presentation.pdf
./docs/sp22_wei+yang_jianing+luxi_popup.md,https://www.makingandknowing.org/
./docs/sp22_wei+yang_jianing+luxi_popup.md,http://gallica.bnf.fr/ark:/12148/btv1b10500001g.r=fr.%20640?rk=150215;2
./docs/sp22_wei+yang_jianing+luxi_popup.md,sp22_wei+yang_jianing+luxi_popup-presentation.pdf
./docs/sp22_wei+yang_jianing+luxi_popup.md,https://edition640.makingandknowing.org/#/essays/ann_328_ie_19
./docs/sp22_wei+yang_jianing+luxi_popup.md,https://edition640.makingandknowing.org/#/folios/58v/f/58v/tl
./docs/sp22_wei+yang_jianing+luxi_popup.md,https://edition640.makingandknowing.org/#/folios/80r/f/80r/tl
./docs/sp22_wei+yang_jianing+luxi_popup.md,https://edition640.makingandknowing.org/#/folios/10r/f/10r/tl
./docs/sp22_wei+yang_jianing+luxi_popup.md,https://edition640.makingandknowing.org/#/folios/82r/f/82r/tl
./docs/sp22_wei+yang_jianing+luxi_popup.md,https://edition640.makingandknowing.org/#/essays/ann_502_ad_20
./docs/sp22_wei+yang_jianing+luxi_popup.md,https://edition640.makingandknowing.org/#/folios/120v/f/120v/tl
./docs/sp22_wei+yang_jianing+luxi_popup.md,https://edition640.makingandknowing.org/#/essays/ann_007_fa_14
./docs/sp22_wei+yang_jianing+luxi_popup.md,https://edition640.makingandknowing.org/#/essays/ann_045_fa_16
./docs/sp22_wei+yang_jianing+luxi_popup.md,https://edition640.makingandknowing.org/#/folios/80r/f/80r/tl
./docs/stucco-assignment.md,../images/stucco-header.jpg?raw=true
./docs/stucco-assignment.md,stucco_assignment_downloadable_2021.pdf
./docs/stucco-assignment.md,stucco_assignment_student-handout.md
./docs/stucco-assignment.md,stucco_assignment_student-handout.pdf
./docs/stucco-assignment.md,https://edition640.makingandknowing.org/#/
./docs/stucco-assignment.md,https://edition640.makingandknowing.org/#/folios/29r/f/29r/tl
./docs/stucco-assignment.md,../images/29r_stucco.jpg?raw=true
./docs/stucco-assignment.md,../images/stucco-tragacanth-gum.jpg?raw=true
./docs/stucco-assignment.md,../images/stucco-chalk.jpg?raw=true
./docs/stucco-assignment.md,../images/stucco-molded.jpg?raw=true
./docs/stucco-assignment.md,https://edition640.makingandknowing.org/#/essays/ann_064_fa_17
./docs/stucco-assignment.md,https://www.doi.org/10.7916/1n6h-5f69
./docs/stucco-assignment.md,stucco_assignment_downloadable_2021.pdf
./docs/stucco-assignment.md,stucco_assignment_student-handout.md
./docs/stucco-assignment.md,stucco_assignment_student-handout.pdf
./docs/stucco_assignment_student-handout.md,https://edition640.makingandknowing.org/#/
./docs/stucco_assignment_student-handout.md,https://edition640.makingandknowing.org/#/folios/29r/f/29r/tl
./docs/stucco_assignment_student-handout.md,../images/29r_stucco.jpg?raw=true
./docs/stucco_assignment_student-handout.md,https://edition640.makingandknowing.org/#/folios/29r/f/29r/tl
./docs/stucco_assignment_student-handout.md,https://edition640.makingandknowing.org/#/folios/29r/f/29r/tcn
./docs/su17_rosenkranz_azurite-preparation-cambridge.md,https://www.flickr.com/gp/128418753@N06/6b2z8M
./docs/su17_rosenkranz_azurite-preparation-cambridge.md,http://www.vam.ac.uk/blog/network/experiments-with-azurite-on-the-history-of-design-ma-course
./docs/su17_rosenkranz_azurite-preparation-cambridge.md,http://www.vam.ac.uk/blog/research-department/thinking-and-experiencing-techne-making-azurite-part-2
./docs/su17_rosenkranz_azurite-preparation-cambridge.md,http://www.fitzmuseum.cam.ac.uk/madonnasandmiracles
./docs/su17_rosenkranz_azurite-preparation-cambridge.md,http://cameo.mfa.org/images/e/ea/Download_file_506.pdf
./docs/su21_branscum_elizabeth_final-project-medicinal.md,https://edition640.makingandknowing.org/#/
./docs/su21_branscum_elizabeth_final-project-medicinal.md,../data/su21_branscum_final-project_recipe-data.xlsx
./docs/su21_branscum_elizabeth_final-project-medicinal.md,../data/su21_branscum_recipe-types_fr-640.csv
./docs/su21_branscum_elizabeth_final-project-medicinal.md,../data/su21_branscum_recipe-types_granville.csv
./docs/su21_branscum_elizabeth_final-project-medicinal.md,../data/su21_branscum_recipe-types_totals+percents.csv
./docs/su21_branscum_elizabeth_final-project-medicinal.md,../data/su21_branscum_ingredients_fr-640.csv
./docs/su21_branscum_elizabeth_final-project-medicinal.md,../data/su21_branscum_ingredients_granville.csv
./docs/su21_branscum_elizabeth_final-project-medicinal.md,../data/su21_branscum_ingredients_totals+percents.csv
./docs/su21_branscum_elizabeth_final-project-medicinal.md,su21_branscum_ingredients_pudsey.csv
./docs/su21_branscum_elizabeth_final-project-medicinal.md,su21_branscum_ingredients_hall.csv
./docs/su21_branscum_elizabeth_final-project-medicinal.md,../data/su21_branscum_recipe-types_granville.csv
./docs/su21_branscum_elizabeth_final-project-medicinal.md,../data/su21_branscum_recipe-types_fr-640.csv
./docs/su21_branscum_elizabeth_final-project-medicinal.md,https://edition640.makingandknowing.org/
./docs/su21_branscum_elizabeth_final-project-medicinal.md,https://edition640.makingandknowing.org/#/entries
./docs/su21_branscum_elizabeth_final-project-medicinal.md,https://edition640.makingandknowing.org/
./docs/su21_christensen_anna_final-project-natural-things.md,https://edition640.makingandknowing.org/#/essays/ann_045_fa_16
./docs/su21_christensen_anna_final-project-natural-things.md,https://edition640.makingandknowing.org/#/essays/ann_501_ad_20
./docs/su21_christensen_anna_final-project-natural-things.md,https://edition640.makingandknowing.org/#/essays/ann_504_ad_20
./docs/su21_christensen_anna_final-project-natural-things.md,https://edition640.makingandknowing.org/#/essays/ann_502_ad_20
./docs/su21_fox_mackenzie_final-project-disorganization.md,https://edition640.makingandknowing.org/#/folios/41r/f/41r/tl
./docs/su21_fox_mackenzie_final-project-disorganization.md,https://edition640.makingandknowing.org/#/folios/21r/f/21r/tl
./docs/su21_fox_mackenzie_final-project-disorganization.md,https://edition640.makingandknowing.org/#/folios/28r/f/28r/tl
./docs/su21_fox_mackenzie_final-project-disorganization.md,https://edition640.makingandknowing.org/#/folios/33r/f/33r/tl
./docs/su21_fox_mackenzie_final-project-disorganization.md,https://edition640.makingandknowing.org/#/folios/36r/f/36r/tl
./docs/su21_fox_mackenzie_final-project-disorganization.md,https://www.loc.gov/item/00510379/
./docs/su21_fox_mackenzie_final-project-disorganization.md,https://www.loc.gov/item/2012402038/
./docs/su21_fox_mackenzie_final-project-disorganization.md,https://edition640.makingandknowing.org/#/folios/41r/f/41r/tl
./docs/su21_fox_mackenzie_final-project-disorganization.md,https://edition640.makingandknowing.org/#/essays/ann_069_fa_18
./docs/su21_fox_mackenzie_final-project-disorganization.md,https://www.doi.org/10.7916/2ap7-d967
./docs/su21_fox_mackenzie_final-project-disorganization.md,https://edition640.makingandknowing.org/#/folios/162r/f/162r/tl
./docs/su21_fox_mackenzie_final-project-disorganization.md,https://edition640.makingandknowing.org/#/essays/ann_330_ie_19
./docs/su21_fox_mackenzie_final-project-disorganization.md,https://www.doi.org/10.7916/dy3g-xm85
./docs/su21_fox_mackenzie_final-project-disorganization.md,https://edition640.makingandknowing.org/#/folios/166r/f/166r/tl
./docs/su21_macomber_sophie_final-project-figures.md,../images/su21-macomber-94r-sword-guard.png?raw=true
./docs/su21_macomber_sophie_final-project-figures.md,../images/su21-macomber-112r-equipment-sand-molds.png?raw=true
./docs/su21_macomber_sophie_final-project-figures.md,../images/su21-macomber-bisket-bread.png?raw=true
./docs/su21_macomber_sophie_final-project-figures.md,../images/su21-macomber-partner-bisket-bread.png?raw=true
./docs/su21_macomber_sophie_final-project-figures.md,https://fieldnotes.makingandknowing.org/2021-summer/Macomber-HCRFieldNotesSU21.html
./docs/su21_macomber_sophie_final-project-figures.md,https://creativecommons.org/licenses/by-nc-sa/4.0/
./docs/su21_macomber_sophie_final-project-figures.md,../images/su21-macomber-breadmolds-with-wax.png?raw=true
./docs/su21_macomber_sophie_final-project-figures.md,../images/su21-macomber-breadmolds-casts-wax.png?raw=true
./docs/su21_macomber_sophie_final-project-figures.md,https://fieldnotes.makingandknowing.org/2021-summer/Macomber%20-%20Bread%20Molding%20Field%20Notes%20SU21/MacomberBreadMoldingFieldNotesSU21.html
./docs/su21_macomber_sophie_final-project-figures.md,../images/su21-macomber-117r-plant-wax-stem.png?raw=true
./docs/su21_macomber_sophie_final-project-figures.md,../images/su21-macomber-160r-press-large-molds.png?raw=true
./docs/su21_macomber_sophie_final-project-figures.md,../images/su21-macomber-27r-medium-cannonball.png?raw=true
./docs/su21_macomber_sophie_final-project-figures.md,../images/su21-macomber-33r-hands-relighting-a-candle.png?raw=true
./docs/su21_macomber_sophie_final-project-figures.md,../images/su21-macomber-distribution-of-figures.png?raw=true
./docs/su21_macomber_sophie_final-project-figures.md,../code/su21_macomber_figures.R
./docs/su21_macomber_sophie_final-project-figures.md,../images/su21-macomber-113r-snake-arranged-for-lifecasting.png?raw=true
./docs/su21_macomber_sophie_final-project-figures.md,../images/su21-macomber-3v-distillation-vessel.png?raw=true
./docs/su21_macomber_sophie_final-project-figures.md,../images/su21-macomber-61r-double-walled-funnel.png?raw=true
./docs/su21_macomber_sophie_final-project-figures.md,../images/su21-macomber-33v-paintbrush-and-portrait-panel.png?raw=true
./docs/su21_macomber_sophie_final-project-figures.md,https://edition640.makingandknowing.org/#/essays/ann_035_sp_16
./docs/su21_macomber_sophie_final-project-figures.md,../images/su21-macomber-16r-furnace-blast-pipes-bellows.png?raw=true
./docs/su21_macomber_sophie_final-project-figures.md,../images/su21-macomber-64v-forms-for-painting-bodies.png?raw=true
./docs/su21_macomber_sophie_final-project-figures.md,../images/su21-macomber-124v-lizard-mold-for-casting.png?raw=true
./docs/su21_macomber_sophie_final-project-figures.md,https://edition640.makingandknowing.org/#/essays/ann_329_ie_19
./docs/su21_macomber_sophie_final-project-figures.md,https://www.doi.org/10.7916/zdaf-cv31
./docs/su22_fld_cunningham_annika_onion-skin-dyeing.md,../data/su22_fld_cunningham_annika_onion-skin-dyeing-template+notes.xlsx
./docs/su22_fld_cunningham_annika_onion-skin-dyeing.md,../data/su22_fld_cunningham_annika_onion-skin-dyeing-template+notes.pdf
./docs/su22_fld_cunningham_annika_onion-skin-dyeing.md,../data/su22_fld_cunningham_annika_onion-skin-dyeing-template+notes-2-greens.xlsx
./docs/su22_fld_cunningham_annika_onion-skin-dyeing.md,../data/su22_fld_cunningham_annika_onion-skin-dyeing-template+notes-2-greens.pdf
./docs/su22_fld_cunningham_annika_onion-skin-dyeing.md,https://www.flickr.com/photos/128418753@N06/albums/72177720300558025
./docs/su22_fld_cunningham_annika_onion-skin-dyeing.md,https://crafternoontreats.com/2018/06/12/natural-dyeing-with-onion-skins/
./docs/su22_fld_cunningham_annika_onion-skin-dyeing.md,https://caitlynirwin.com/blog/beginners-guide-to-dyeing-with-onion-skins
./docs/su22_fld_cunningham_annika_onion-skin-dyeing.md,https://allnaturaldyeing.com/onion-skin-dye/
./docs/su22_fld_cunningham_annika_onion-skin-dyeing.md,rosenkranz_2019_dyes_handout_reconstruction-exchange_dyeing-with-natural-colorants.pdf
./docs/su22_fld_cunningham_annika_onion-skin-dyeing.md,rosenkranz_2019_dyes_handout_general-mordant-and-dye-processes.pdf
./docs/su22_fld_cunningham_annika_onion-skin-dyeing.md,rosenkranz_2019_dyes_handout_reconstruction-exchange_dyeing-with-natural-colorants.pdf
./docs/syllabi.md,https://edition640.makingandknowing.org/#/essays
./docs/syllabi.md,https://docs.google.com/document/d/e/2PACX-1vT7See-Ba9a_RleKzJF65ucAyQBOHyanuXDYTtQ4CIVGQmCHaWpULYhvyOiFUUUyH6lDokCQOtwJ907/pub
./docs/syllabi.md,https://docs.google.com/document/d/e/2PACX-1vQBhcm7nzcjq-fnpeu2FNVSFvr7dye6jf1YE_ORgu6RLc-Suk-C36Qvvk2BAMo6BXXpO63OpG_ZYhLs/pub
./docs/syllabi.md,https://docs.google.com/document/d/e/2PACX-1vR77RXxNNfNA4lyT4c9s1VMgEpqo4oM_xAv8nrUi4TBqwSE3wOE96I3CnxmXUhGXgvDI9_zc9fDGwGe/pub
./docs/syllabi.md,https://docs.google.com/document/d/e/2PACX-1vQ3yUhTLMGkUYU2VH-kczSWOegBvhAKYUr69oF1UK6beqIOkJ-VMFnRmD0D3ib6Oh6U6Cc5kAhVpCmb/pub
./docs/syllabi.md,https://docs.google.com/document/d/e/2PACX-1vTzLSf_qzMiLKAr4ay8vKzBAHjjZaetENhK-ITmg18rblEbal7hfuUXpUKgFt9NtLW8W29g9KuIX8_8/pub
./docs/syllabi.md,https://docs.google.com/document/d/e/2PACX-1vTfqF4UNMaSLjX-FmXA6vOz6calSfPMMUfGaUpw8CjcUFcBtXXj7b1XLOOSHMVKUDljAcXGzDSCrevx/pub
./docs/syllabi.md,https://docs.google.com/document/d/e/2PACX-1vRvNiZIaubDG_Cb1F8KOF8gV0sFBiGr01W3iXmDJV3yTFgeGp1teBwg2MkwUZ4TCGRglJ6Y1bK3XUMv/pub
./docs/syllabi.md,https://docs.google.com/document/d/e/2PACX-1vQoa_ox8PAc99ebdx4wxFPULy7aLHSJIyltikSRo7CsNocqS8EfIfCCl9qDIUpaxn0iqsfdmjg9lbpX/pub
./docs/syllabi.md,https://edition640.makingandknowing.org/
./docs/syllabi.md,https://docs.google.com/document/d/e/2PACX-1vTdDTbjg3Wo-03RCA7KtszFF-nVyY0ECotExiQK8SnNpBQ_zNC0tBv9f_RUCujxGlTkdFTZiGicbVKO/pub
./docs/syllabi.md,https://docs.google.com/document/d/e/2PACX-1vSwHOvl3vKELpALapOMMPWTRYaTkVxSn6n9243mOpekLYzlzpIbpmjzZjaRcFnj_RCi3iwNKSm5qBHS/pub
./docs/syllabi.md,https://docs.google.com/document/d/e/2PACX-1vS_I76a42zOm-GfGNZHl4s385XNFV4pkHqBq_x0op2S8LUlqN_-B5ebEPdNxqJ3-O1wWUiyemMA2zF9/pub
./docs/syllabi.md,https://www.makingandknowing.org/wp-content/uploads/2019/10/Website-Syllabus_Digital_course.pdf
./docs/syllabi.md,https://cu-mkp.github.io/GR8975-edition/
./docs/syllabi.md,https://github.com/cu-mkp/GR8975
./docs/syllabi.md,https://ccnmtl.github.io/digital-literacy/
./docs/syllabi.md,https://docs.google.com/document/d/11Em2vX-jJw_4QoP62STwVo1i5cNi81ARft9j7gOQsoA/edit?usp=sharing
./docs/syllabi.md,https://cu-mkp.github.io/diglit-gr8975/
./docs/syllabi.md,https://www.makingandknowing.org/wp-content/uploads/2019/10/Website-Syllabus_Digital_course.pdf
./docs/syllabi.md,https://docs.google.com/document/d/e/2PACX-1vQPLMeJc5B32slPAKIv-4W29hj_G6WR7dVQ7TTbYA7oStHv-Ze7BP5BUkQhUvFgXGXGlylSL6BsL2jT/pub
./docs/verdigris-assignment.md,verdigris_assignment_downloadable_2021.pdf
./docs/verdigris-assignment.md,../images/verdigris-header.png?raw=true
./docs/verdigris-assignment.md,https://edition640.makingandknowing.org/
./docs/verdigris-assignment.md,http://www.vastrepast.net/www.vastrepast.net/From_Dirt_to_Shirt/Entries/2010/5/31_Making_Verdigris.html
./docs/verdigris-assignment.md,https://books.google.com/books?id=yQKuSOzkLvcC&amp;lpg=PA283&amp;dq=copper%20verdigris%20ammonia%20urine&amp;pg=PA284#v=onepage&amp;q&amp;f=false
./docs/verdigris-assignment.md,https://www.dickblick.com/items/60503-8110/
./docs/verdigris-assignment.md,verdigris_msds-copper-acetate.pdf
./docs/verdigris-assignment.md,https://research.columbia.edu/environmental-health-safety
./docs/verdigris-assignment.md,https://edition640.makingandknowing.org/#/
./docs/verdigris-assignment.md,https://edition640.makingandknowing.org/#/folios/63r/f/63r/tl
./docs/verdigris-assignment.md,https://edition640.makingandknowing.org/#/folios/58r/tl
./docs/verdigris-assignment.md,https://edition640.makingandknowing.org/#/folios/6r/tl
./docs/verdigris-assignment.md,https://edition640.makingandknowing.org/#/folios/39v/tl
./docs/verdigris-assignment.md,https://edition640.makingandknowing.org/#/folios/64r/tl
./docs/verdigris-assignment.md,https://edition640.makingandknowing.org/#/folios/65v/tl
./docs/verdigris-assignment.md,https://edition640.makingandknowing.org/#/folios/66r/tl
./docs/verdigris-assignment.md,https://edition640.makingandknowing.org/#/folios/105r/tl
./docs/verdigris-assignment.md,https://edition640.makingandknowing.org/#/folios/129r/tl
./docs/verdigris-assignment.md,https://edition640.makingandknowing.org/#/folios/158v/tl
./docs/verdigris-assignment.md,verdigris_assignment_downloadable_2021.pdf
./docs/voyant-wordcloud-tutorial.md,https://user-images.githubusercontent.com/14779727/118019233-c2026c80-b326-11eb-9c78-5e37bb214187.png
./docs/voyant-wordcloud-tutorial.md,https://user-images.githubusercontent.com/14779727/118016677-ac3f7800-b323-11eb-92aa-3044c0a3f219.png
./docs/voyant-wordcloud-tutorial.md,https://user-images.githubusercontent.com/14779727/118016817-d8f38f80-b323-11eb-9ae4-376ab6d7b3eb.png
./docs/voyant-wordcloud-tutorial.md,https://user-images.githubusercontent.com/14779727/118016918-fcb6d580-b323-11eb-92d7-9f92e8633f56.png
./docs/voyant-wordcloud-tutorial.md,https://user-images.githubusercontent.com/14779727/118017110-3556af00-b324-11eb-9c39-0866d7cd1729.png
./docs/voyant-wordcloud-tutorial.md,https://user-images.githubusercontent.com/14779727/118017440-9c746380-b324-11eb-9653-e465c33a0d14.png
./docs/voyant-wordcloud-tutorial.md,https://github.com/cu-mkp/sandbox/files/6468040/women-vocabulary.txt
./docs/voyant-wordcloud-tutorial.md,https://user-images.githubusercontent.com/14779727/118018133-6a173600-b325-11eb-8581-0126aff3b98b.png
./docs/voyant-wordcloud-tutorial.md,https://user-images.githubusercontent.com/14779727/118018958-6df78800-b326-11eb-907f-037dc609284a.png
